Protein_ID,Localizations,Signals,Membrane types,Cytoplasm,Nucleus,Extracellular,Cell membrane,Mitochondrion,Plastid,Endoplasmic reticulum,Lysosome/Vacuole,Golgi apparatus,Peroxisome,Peripheral,Transmembrane,Lipid anchor,Soluble
NP_055069.1,Golgi apparatus,Signal peptide|Transmembrane domain,Transmembrane,0.21719999611377716,0.16529999673366547,0.5375999808311462,0.23999999463558197,0.06310000270605087,0.0038999998942017555,0.4932999908924103,0.16359999775886536,0.8873999714851379,0.010200000368058681,0.1956000030040741,0.9185000061988831,0.04430000111460686,0.2847000062465668
